{"mean": [254.5897979736328, 18.057498931884766, 12.756221771240234, 19.152746200561523], "std": [210.04273986816406, 20.067079544067383, 13.536492347717285, 16.07931137084961]}